student_name,class,grade,submission_status,quiz_score,quiz_date
Mia Chen,3,A,Pending,51,2026-01-03
Logan Anderson,10,A,Pending,23,2025-11-19
Sophia Lee,10,A,Submitted,21,2026-05-20
Amelia Young,4,C,Submitted,44,2026-04-23
Liam Smith,10,C,Submitted,69,2025-09-08
Elijah Scott,10,C,Pending,64,2025-11-12
Logan Anderson,5,A,Submitted,25,2026-06-04
Logan Anderson,11,A,Missing,0,2025-07-11
Noah Kim,11,B,Submitted,2,2026-01-03
Logan Anderson,7,A,Pending,76,2026-03-04
Ethan Brown,11,B,Submitted,85,2026-01-13
Elijah Scott,8,C,Pending,57,2025-11-05
Amelia Young,9,A,Pending,29,2025-07-23
Oliver Clark,3,B,Submitted,69,2026-03-11
Charlotte Martinez,3,C,Pending,19,2025-08-19
James Adams,1,A,Submitted,28,2025-07-06
Mia Chen,4,A,Missing,0,2026-02-23
Isabella Garcia,5,C,Submitted,54,2025-07-20
Mia Chen,9,A,Missing,0,2025-12-29
Amelia Young,1,B,Missing,0,2025-08-28
Emma Davis,10,B,Submitted,71,2026-01-06
Charlotte Martinez,6,A,Submitted,53,2025-07-08
Amelia Young,12,C,Pending,60,2026-01-10
Mia Chen,7,C,Missing,0,2026-04-06
Noah Kim,10,A,Missing,0,2025-07-08
Lucas King,1,B,Missing,0,2025-11-22
Logan Anderson,8,A,Missing,0,2025-08-03
Liam Smith,5,C,Missing,0,2025-10-30
Sophia Lee,10,A,Missing,0,2026-03-31
Benjamin Hall,12,A,Pending,89,2026-06-02
Ava Patel,3,A,Submitted,24,2026-04-24
Amelia Young,1,B,Pending,26,2025-12-10
Harper Wright,11,C,Missing,0,2026-04-08
Abigail Baker,6,A,Missing,0,2026-05-28
Benjamin Hall,1,A,Submitted,79,2025-09-24
Liam Smith,1,A,Pending,47,2026-01-16
Amelia Young,1,C,Missing,0,2026-06-07
Ava Patel,3,B,Missing,0,2026-01-19
Oliver Clark,3,A,Submitted,25,2025-10-28
Mason Wilson,7,B,Pending,91,2026-05-05
Harper Wright,10,C,Missing,0,2026-01-14
Liam Smith,10,C,Submitted,63,2026-03-17
Emily Green,1,B,Submitted,98,2026-04-07
Sophia Lee,11,A,Submitted,70,2026-05-01
Sophia Lee,5,A,Missing,0,2026-01-30
Lucas King,2,B,Pending,74,2025-11-17
Sophia Lee,12,A,Pending,61,2025-07-06
Isabella Garcia,12,A,Pending,89,2025-12-08
Mia Chen,7,A,Pending,10,2025-11-12
Mia Chen,1,A,Submitted,83,2025-09-15
Benjamin Hall,11,B,Submitted,39,2026-01-16
Emily Green,5,C,Missing,0,2025-07-01
Amelia Young,12,C,Pending,57,2025-08-10
Mia Chen,12,C,Pending,19,2026-01-28
Oliver Clark,7,B,Pending,25,2026-02-28
Sophia Lee,1,A,Submitted,8,2026-03-01
Ava Patel,9,B,Submitted,34,2025-08-16
Abigail Baker,2,C,Submitted,11,2025-08-19
Oliver Clark,7,A,Missing,0,2025-12-21
Charlotte Martinez,12,C,Missing,0,2026-01-15
Emily Green,7,B,Submitted,36,2025-11-11
Charlotte Martinez,4,B,Pending,78,2026-06-12
Emily Green,1,C,Missing,0,2025-10-10
Noah Kim,8,A,Submitted,24,2026-04-02
James Adams,10,A,Missing,0,2025-11-08
Oliver Clark,9,B,Submitted,15,2025-09-14
Emma Davis,9,B,Pending,34,2025-10-06
Emma Davis,3,B,Missing,0,2026-04-17
Sophia Lee,1,A,Pending,44,2025-12-31
Oliver Clark,6,A,Pending,95,2025-12-21
Liam Smith,11,C,Submitted,59,2026-01-22
Logan Anderson,1,C,Missing,0,2025-11-30
Oliver Clark,5,A,Missing,0,2025-12-09
Elijah Scott,6,A,Pending,55,2026-04-26
Harper Wright,7,C,Missing,0,2026-02-22
James Adams,7,B,Pending,81,2026-02-13
Oliver Clark,7,B,Missing,0,2025-09-20
James Adams,9,C,Submitted,31,2025-07-01
Amelia Young,1,B,Pending,67,2026-06-02
Sophia Lee,10,C,Pending,51,2025-09-01
Logan Anderson,3,A,Submitted,27,2025-09-21
Elijah Scott,5,A,Missing,0,2025-12-01
Isabella Garcia,2,A,Pending,55,2025-12-09
Elijah Scott,1,C,Missing,0,2026-04-28
Logan Anderson,12,B,Submitted,1,2025-10-26
Liam Smith,3,B,Missing,0,2025-10-25
Mason Wilson,11,B,Submitted,91,2026-02-10
Lucas King,8,A,Missing,0,2025-09-10
Noah Kim,1,A,Missing,0,2026-03-27
Oliver Clark,5,A,Missing,0,2025-11-28
Oliver Clark,1,A,Pending,10,2026-05-10
Abigail Baker,10,A,Missing,0,2025-07-28
Mia Chen,7,B,Missing,0,2025-07-05
Mason Wilson,11,A,Submitted,13,2025-09-25
Abigail Baker,3,C,Submitted,23,2026-01-17
Ethan Brown,11,B,Pending,14,2026-01-13
Ethan Brown,5,A,Missing,0,2025-12-24
Emma Davis,8,C,Missing,0,2025-09-25
Mia Chen,7,C,Missing,0,2025-11-15
Lucas King,11,A,Pending,66,2026-02-25
James Adams,5,B,Missing,0,2026-06-21
Amelia Young,2,B,Submitted,43,2026-04-15
Charlotte Martinez,6,C,Pending,26,2025-10-07
Harper Wright,1,A,Submitted,9,2025-08-06
Abigail Baker,5,C,Missing,0,2025-10-23
Abigail Baker,1,C,Submitted,26,2026-02-23
Abigail Baker,8,B,Pending,9,2026-02-02
Emily Green,6,C,Submitted,45,2026-04-01
Mia Chen,9,A,Submitted,8,2026-01-03
Noah Kim,8,B,Pending,66,2026-04-27
Harper Wright,12,B,Submitted,8,2025-09-16
Emma Davis,11,B,Submitted,38,2026-05-04
Amelia Young,1,C,Missing,0,2026-01-12
Lucas King,1,A,Missing,0,2026-02-07
Mia Chen,3,B,Submitted,86,2025-08-22
Ava Patel,1,B,Missing,0,2026-06-12
Ava Patel,8,C,Submitted,84,2025-08-10
Elijah Scott,3,B,Submitted,2,2026-01-12
Oliver Clark,9,B,Missing,0,2026-02-02
Abigail Baker,5,C,Submitted,90,2026-05-27
Logan Anderson,6,C,Submitted,80,2025-10-05
Oliver Clark,7,C,Pending,63,2025-08-20
Noah Kim,11,B,Missing,0,2025-10-05
Abigail Baker,10,C,Pending,27,2025-07-02
Emma Davis,5,A,Missing,0,2026-01-11
Sophia Lee,3,C,Submitted,30,2025-07-24
Abigail Baker,8,B,Pending,63,2026-04-18
Emily Green,12,B,Submitted,74,2026-06-25
Benjamin Hall,11,C,Submitted,3,2026-05-16
Mason Wilson,8,C,Pending,48,2026-02-23
Mason Wilson,4,A,Submitted,85,2026-01-14
Ava Patel,1,A,Missing,0,2025-10-29
Noah Kim,11,B,Pending,11,2025-11-06
Elijah Scott,3,C,Submitted,90,2026-01-02
Sophia Lee,10,B,Submitted,13,2026-06-17
Harper Wright,8,B,Pending,60,2025-07-14
Isabella Garcia,3,C,Pending,73,2025-09-23
Elijah Scott,4,B,Submitted,67,2026-04-09
Oliver Clark,1,B,Submitted,57,2025-09-08
Elijah Scott,12,A,Submitted,50,2026-02-05
Liam Smith,12,A,Pending,44,2026-01-10
Emily Green,5,B,Pending,61,2026-06-20
Oliver Clark,6,C,Pending,54,2025-07-03
Mason Wilson,3,C,Submitted,57,2026-05-21
Noah Kim,5,C,Pending,3,2026-06-24
James Adams,9,C,Submitted,16,2026-05-08
Oliver Clark,10,A,Missing,0,2025-08-07
Liam Smith,3,C,Missing,0,2026-06-06
Amelia Young,5,C,Missing,0,2025-10-15
James Adams,2,C,Pending,83,2025-12-31
Abigail Baker,9,A,Pending,77,2026-01-10
Harper Wright,6,C,Missing,0,2025-11-16
Liam Smith,1,C,Missing,0,2025-12-02
James Adams,4,B,Pending,16,2026-06-26
Isabella Garcia,3,C,Pending,10,2025-11-16
Mason Wilson,11,B,Pending,33,2025-08-07
Logan Anderson,11,B,Pending,41,2025-12-02
Emily Green,2,A,Missing,0,2025-12-18
Charlotte Martinez,11,B,Missing,0,2026-02-16
Ethan Brown,4,B,Pending,56,2025-12-07
James Adams,4,A,Submitted,15,2026-04-15
Emma Davis,1,A,Submitted,21,2026-04-24
James Adams,8,C,Submitted,80,2025-12-01
Emily Green,2,B,Submitted,27,2025-12-30
Emma Davis,1,B,Pending,46,2025-11-13
Noah Kim,5,A,Pending,35,2025-09-14
Liam Smith,11,B,Pending,80,2026-06-01
Amelia Young,6,B,Missing,0,2026-04-22
Mia Chen,4,A,Submitted,45,2025-11-22
Ethan Brown,9,A,Submitted,29,2025-12-18
Mason Wilson,9,C,Submitted,35,2026-03-30
Harper Wright,5,C,Submitted,6,2026-03-31
Logan Anderson,5,A,Missing,0,2026-06-04
Noah Kim,5,A,Submitted,98,2025-11-16
Ava Patel,6,A,Pending,44,2025-10-30
Mia Chen,6,B,Submitted,15,2025-12-23
Emily Green,9,C,Submitted,71,2025-07-18
Noah Kim,8,A,Missing,0,2026-06-02
Harper Wright,11,B,Missing,0,2026-01-19
Logan Anderson,2,C,Submitted,59,2025-12-29
Harper Wright,6,C,Pending,1,2026-02-15
Harper Wright,9,A,Submitted,83,2026-03-21
Benjamin Hall,5,C,Pending,2,2025-08-04
Noah Kim,9,B,Submitted,59,2026-06-06
Isabella Garcia,6,B,Missing,0,2025-10-09
Harper Wright,12,A,Missing,0,2025-10-06
Sophia Lee,10,B,Pending,23,2025-12-15
Noah Kim,6,C,Pending,51,2026-01-30
Harper Wright,7,A,Pending,47,2026-05-25
Oliver Clark,6,B,Missing,0,2025-09-24
Lucas King,1,C,Submitted,16,2025-09-15
Logan Anderson,11,C,Pending,41,2026-03-26
Benjamin Hall,7,B,Pending,11,2026-04-11
Emily Green,6,A,Submitted,24,2026-01-23
Logan Anderson,6,A,Pending,19,2026-03-01
Emma Davis,6,A,Pending,48,2025-11-26
Ava Patel,7,A,Missing,0,2025-07-06
Abigail Baker,8,A,Missing,0,2025-10-31
Ava Patel,7,C,Pending,37,2026-05-20
Mia Chen,4,C,Pending,91,2026-02-21
